1,P0001_01
2,P0001_02
3,P0001_03
4,P0001_04
5,P0001_05
6,P0002_01
7,P0002_02
8,P0002_03
9,P0002_04
10,P0002_05
11,P0003_01
12,P0003_02
13,P0003_03
14,P0003_04
15,P0003_05
16,P0004_01
17,P0004_02
18,P0004_03
19,P0004_04
20,P0004_05
21,P2264_01
22,P0020_01
23,P1048_01
24,P2262_01
25,P2236_01
26,P0052_01
27,P2249_01
28,P2250_01
29,P1071_01
30,P2145_01
31,P2137_01
32,P2140_01
33,P1019_01
34,P0010_01
35,P0024_01
36,P1020_01
37,P9910_01
38,P9948_01
39,P9922_01
40,P9936_01
41,P9922_02
42,P9949_01
43,P9922_03
44,P9950_01
45,P9921_01
46,P9945_01
47,P9921_02
48,P9937_01
49,P9921_03
50,P9940_01
51,P9910_02
52,P9919_01
53,P9910_03
54,P9920_01
55,P2148_01
56,P1050_01
57,P2219_01
58,P1046_01
59,P1135_01
60,P2251_01
61,P0010_02
62,P2150_01
63,P2278_01
64,P1061_01
65,P2245_01
66,P2142_01
67,P0021_01
68,P2266_01
69,P0010_03
70,P1005_01
71,P2277_01
72,P2118_01
73,P0021_02
74,P1043_01
75,P2144_01
76,P1127_01
77,P1117_01
78,P1124_01
79,P1044_01
80,P0021_03
81,P0057_01
82,P2268_01
83,P0020_02
84,P1059_01
85,P1115_01
86,P0008_01
87,P0023_01
88,P2272_01
89,P2267_01
90,P2246_01
91,P9921_04
92,P9948_02
93,P9910_04
94,P9950_02
95,P9922_04
96,P9919_02
97,P9910_05
98,P9946_01
99,P9922_05
100,P9951_01
101,P9921_05
102,P9950_03
103,P9922_06
104,P9945_02
105,P9921_06
106,P9942_01
107,P9910_06
108,P9905_01
109,P9921_07
110,P9918_01
111,P9910_07
112,P9943_01
113,P9921_08
114,P9944_01
115,P9910_08
116,P9944_02
117,P9922_07
118,P9946_02
119,P1070_01
120,P0022_01
121,P2120_01
122,P0023_02
123,P2263_01
124,P0026_01
125,P0025_01
126,P0025_02
127,P1047_01
128,P0054_01
129,P0020_03
130,P0023_03
131,P1040_01
132,P2237_01
133,P0021_04
134,P1037_01
135,P1039_01
136,P0023_04
137,P2239_01
138,P0024_02
139,P0026_02
140,P0010_04
141,P0053_01
142,P0024_03
143,P0026_03
144,P2149_01
145,P2273_01
146,P2275_01
147,P2244_01
148,P2105_01
149,P2248_01
150,P2247_01
151,P1049_01
152,P0020_04
153,P1042_01
154,P2218_01
155,P9921_09
156,P9920_02
157,P9910_09
158,P9947_01
159,P9910_10
160,P9940_02
161,P9922_08
162,P9937_02
163,P9910_11
164,P9937_03
165,P9910_12
166,P9939_01
167,P9922_09
168,P9939_02
169,P9921_10
170,P9949_02
171,P9922_10
172,P9944_03
173,P9921_11
174,P9905_02
175,P9922_11
176,P9948_03
177,P9922_12
178,P9947_02
179,P9910_13
180,P9949_03
181,P9910_14
182,P9942_02
183,P9922_13
184,P9918_02
185,P0056_01
186,P2238_01
187,P2243_01
188,P2276_01
189,P2119_01
190,P0008_02
191,P0022_02
192,P2146_01
193,P0022_03
194,P0008_03
195,P2240_01
196,P2136_01
197,P2274_01
198,P0055_01
199,P0010_05
200,P1113_01
201,P0058_01
202,P2242_01
203,P1041_01
204,P0008_04
205,P1051_01
206,P0023_05
207,P0008_05
208,P1036_01
209,P1116_01
210,P2139_01
211,P1018_01
212,P1045_01
213,P0020_05
214,P1121_01
215,P0024_04
216,P0021_05
217,P1069_01
218,P0022_04
219,P0026_04
220,P2147_01
221,P9922_14
222,P9938_01
223,P9922_15
224,P9943_02
225,P9921_12
226,P9919_03
227,P9921_13
228,P9946_03
229,P9922_16
230,P9940_03
231,P9921_14
232,P9936_02
233,P9922_17
234,P9942_03
235,P9910_15
236,P9941_01
237,P9910_16
238,P9951_02
239,P9910_17
240,P9936_03
241,P9921_15
242,P9939_03
243,P9910_18
244,P9918_03
245,P9910_19
246,P9945_03
247,P9921_16
248,P9947_03
249,P2141_01
250,P0022_05
251,P2205_01
252,P0024_05
253,P2138_01
254,P0025_03
255,P0025_04
256,P1060_01
257,P0025_05
258,P1038_01
259,P2241_01
260,P2143_01
261,P0026_05
262,P2151_01
263,P2220_01
264,P2265_01
265,P0001_06
266,P0001_07
267,P0001_08
268,P0001_09
269,P0001_10
270,P0002_06
271,P0002_07
272,P0002_08
273,P0002_09
274,P0002_10
275,P0003_06
276,P0003_07
277,P0003_08
278,P0003_09
279,P0003_10
280,P0004_06
281,P0004_07
282,P0004_08
283,P0004_09
284,P0004_10
285,P9921_17
286,P9941_02
287,P9922_18
288,P9905_03
289,P9921_18
290,P9938_02
291,P9910_20
292,P9938_03
293,P9922_19
294,P9941_03
295,P9921_19
296,P9943_03
297,P9921_20
298,P9951_03
299,P9922_20
300,P9920_03